Account Address,Spent(ATOM),Purchased(ssDRAGON)
osmo10lhwra8pyu6j7q39prez3ytp584fw9asvn2av7,1793.6,15199344.153386
osmo13gd97ke6erejqk2p050xkpc63jhtujrevjue5p,1304.243122,11016261.956554
osmo13x4pynlp86prhcmtns742kgsgu7pjtzjcz4jy3,1057,8927928.153627
osmo1euyqrnh8qrsszzc3y8z9u3c3lsprqvm0y5fjs5,665.923328,5624707.311455
osmo18s6upungy64ynuhldwx7vackfrrg6dcqp9elzc,550.059469,4646065.675926
osmo1mzp9lhpjl8ndppzmuzh7c5zdjha597yekaeky7,531,4485080.273960
osmo1r9r58f7gk34sxn5kq9t2v3fmelezsxhd35q62c,506.622435,4279175.686561
osmo140n3kew4vc2q772gvt2xqsdh5n70yw2rvczmsv,510,4067216.325755
osmo1wrk0dtqrz4vkvt8re8e6g4uu38pcyqr9xtxqsd,300,2533943.657605
osmo12h772nnaz4249s4sz5p5a6we9qz583ky8vgptx,293,2474818.305594
osmo1hw0ufdhmgdfdxr32evzk2z40lzll2me95f4nf8,253,2136959.151247
osmo1meq87jyrkl2dlh28c6050v52rhumdfysj0vdag,224,1892011.264345
osmo1ylx03vqp2zkpjayudpx2k0psgdx4uc3d7n2df3,216.224356,1826334.451686
osmo1tc04s3qm00fyhllzrm4e3lrdrhzx798xuxzk7v,200,1689295.771736
osmo1mgd8tgkh4heyfz4cqfvcgwpta2f4ymm4vfv3ml,183.851916,1552901.321622
osmo1lhhw23aljdf92zkk5ez8ma9kvzygjyxyt5l4dz,150,1266971.828802
osmo1e8238v24qccht9mqc2w0r4luq462yxttnk462u,129.1,1090440.420656
osmo1ytem9skzmq7n7tlfcqjw6wqfgd587cn3n2t9jt,120.390014,1016871.708047
osmo1gkfm69ulp493c4srhet0gm8pgpzm7j7umf5hy8,112.734417,952208.869836
osmo1ggasywhgu0yjg6jmgrv38sr75gu37c6c2zhlqv,108.16,910103.314818
osmo15z06u0ggu39v7ll5m444le2f0qxyvtym8sftrv,100.02,844816.815445
osmo1g45gy7za2qx3ee7lgy66d0wumc59pmptldve57,95.2,804104.787347
osmo1462ur7tvt98xwl33sexux59cp974ct4xyk0j86,91.595491,773659.378282
osmo1t8sk5zsucpxwyursv56yln43ndnucu7394ywvz,77,599274.632076
osmo1vjymkucluukngrzyp3ykkdrj6mr6h7y05zxjh7,54,456109.858369
osmo1ltv32akcjtp7drqskvrajt03xr5pa079qxup2q,52.9,446818.731624
osmo1wd3463ejjkn32ae83e09vm65rgqkha45zum0j9,50.02844,422564.160793
osmo19t647cx67u9jkjlajwrzg609ls9tejzen5wlx0,50,422323.942934
osmo1yl7pw974pes8xews3uslc2hg05t0hghqqeavq0,50,422323.942934
osmo1nlwzszxhdygyy3ljrhcvzw8az927m4lrw9ak89,50,422323.942934
osmo1t4d2wzq57xmkm5kg44megpu3v4wcwvs8muxxh8,50,422323.942934
osmo1svfpddvanq0p4ejp0v9myxt5zrfy6mdy64f8cs,45.5,384314.788070
osmo1fuw09hfg2gpk5tzcueh0nx054k87jsepudns2t,44.5,375868.309211
osmo13mzcw7ezlgzcgpls7xqxpsg5qqsxvp8j9nd52p,40.654325,343385.896626
osmo1y54rjjlmyselkufxrrdcua3w3ukhzyhg9u5s2c,39,329412.675489
osmo1zlnzyurnvyukg8s3d9aysgcc48g7sv8yzsd5jy,37.5,316742.957201
osmo1jpuwjs0ema9jdr6ff2xt6v4xqdczwz5nl73e7d,36.82,310999.351577
osmo14v5fss4s27z6kd53m0x4j7yffahl8hv0mtyjw6,36.63,309394.520594
osmo1kh93fghmf3ga8rd42jwzxsgklfmrx99k9g4vuz,36,304073.238913
osmo1pk5r2ygdegaj4m9yrhxllsketw3s0hszxd9tqe,36,304073.238913
osmo1dnl83rxxgg29d7zgwam9sldnr6chtftds2upav,35,295626.760054
osmo1k2ptg3eutafspp67ym2et4rez3fryd4gndsyee,35,295626.760054
osmo14rcn5s80v2fthgzw0pkvkwgke4ss8ew8xw0wml,35,295626.760054
osmo1s46jmv3c05usk6yk50tyy8axc4t9rglrs2jfhl,31.527809,266298.972179
osmo1sfc34ujkys84eeqmegm7lle955y3edytg0dcmj,31,261840.844619
osmo1spka087gv03vw3kfavlhd2kh4ur5hak0qddg64,30,253394.365760
osmo1973qhhswmsf0y99h88t40v7ecgzqhs6rhwc70l,29.420302,248497.958859
osmo126kv4x70s75mrkvmpvmq5p4prhd9ep6w33qyw2,28.39,239795.534798
osmo12d9a2czky72k567v39un2fwj42gpth5nu7rhnt,28,236501.408043
osmo1mm7037ryl3udnzz2rtx7xcmfw9zlnv0wj9cc9y,27.343191,230953.684710
osmo1z0nvmv57cqax4s6lssft9yhfn8ksxcf7ryht54,27,228054.929184
osmo1zr76txfh4ey7c7ul9chl0zqln4fmx0pd9a3wrz,27,228054.929184
osmo1k30eqhv8ktd96xzlu0y7rlm728dj3q8qllzqd0,26.5,223831.689755
osmo1z97flahwn5esmu036kj3dv4wusn6r2fs9qx5xt,26,219608.450326
osmo18veq0wuwgwvzz8g7u43v399lmq7gv5p4kf5n5p,26,219608.450326
osmo12nhu3smrune8qhky7ydvv2fxv4sryheafs5lr4,26,219608.450326
osmo1wa6mnrv267jxyku9e8jgzpjdxaggd5vh3na8h5,26,219608.450326
osmo1d74j0rs0y6renzr9z84qzqmandcnqjdzc84u4f,26,219608.450326
osmo1s84s8z9qd93uja646m3c8j53my8ykt3jjwz9ad,25.851316,218352.594063
osmo1lgu66ly24wz0x95hkhuzny754hfm9pkucqhxkc,25.58,216060.929205
osmo1qh25fcfkwh0mxcdh5563kgyylq77fqep32sv64,25.1,212006.619353
osmo1unyextn3vvf3pzu2ucg7hh94pz0vvc40raqaac,25,211161.971467
osmo1d7repyvvvh7scsext4dg5sxtk5fmhqj2d4nhll,25,211161.971467
osmo1x693aqslyv3znhltlfuqckwjq6nml5uryzpqg5,25,211161.971467
osmo1wk6wr8e9xaa0v6gc8ter35jashq3ypxqaq7k39,25,210095.124839
osmo1f9v2zr08heg520zyq5luklats2rxx4tanra34f,25.003379,208724.443394
osmo1lgdwng93exmdfjkerg7spadkl9tzc22v549tp7,24.548352,207347.136183
osmo1yqd2exart78vkjzsg6glfxqh0dz3lq3r50rwev,22.429601,189451.150655
osmo1u9zvqwjngjsfk6xn88n3hrxwgpupj20jq6658h,21.228878,179309.269221
osmo1hx3sqj9sglcp672jaz6un787q8a48263ztje6g,21,177376.056032
osmo1qhkzptmhwt78jpzx34hpljz6megz0gtjr6tn0j,21,177376.056032
osmo17mrgrpdyt2e5a35zr3ej0474s2j8824csawts7,20.84277,176048.016161
osmo1c0k6p340st8egc7jcfndfm4jmly4na6ceq2f3u,20,168929.577174
osmo13t0fv740cd8cm0uhuhndh8zuygfw6433hu4ydm,20,168724.825909
osmo1fkwnrnmqzgnr8vvjw7eudv6j4ggvft6tw3kxph,20,167992.742226
osmo1fguqukw4l6hyzsz57x9hgm7fesxk78gclcmrlp,18.774914,158581.914175
osmo12fpqm0xw7jnzc0su50halhflpfekp7q7m6dd3t,17,143590.140598
osmo14rmdxftvvqas547azl8tr2s9unynmjarrfaugz,16.643661,140580.330768
osmo1smrlapzwyv23cvna6s7jkwnenvcvcwnc62n2n6,15.999511,135139.531411
osmo186lrv2tqryt2yh2l50t5yh2qjm27c4u6ha0npu,15,126697.182880
osmo12e90zyj0fa6cmdyt2puq2tpfjsjt04cnfclxp0,15,126697.182880
osmo1hpmjldp65qrazsk78603p2q0c3jr2eerns2zal,15,126697.182880
osmo12uk22nzee0hgahzttujcdce78ax627as04tcas,14.609942,123402.566230
osmo1evxs90fjwxlpy4nacxzshpevvyjma32vymhrep,14,118250.704022
osmo1a6xqmycpm2syw5em9q8e5d0gs46tljmmlsc746,13.529457,114276.272520
osmo1zg453l326xgrk5nm2prru4teqkym8zc9pe5r0z,13.528933,114271.846565
osmo1qj0nkrag3axevds72lpthweux53u8z2ke3ntp0,13.5,114027.464592
osmo1a97pdeucuzque0gheq4arz2977hk8q44qrrpxa,13.188607,111397.290201
osmo1cyu8ct822xqv2jr53h6s6wsakmn8u2sfzpe36j,13.173078,111266.124831
osmo1j29q4d87h33fq5umhctnj23lhsegvnfp6hz2rf,12.6,106425.633619
osmo1qlljvx0ggg0qmg3ffz4f3hd0tsd259n46k9mjk,12.31853,104048.203215
osmo1xwkz3u2rxwajec8q7np392fu3zrlvt82wvf9cu,12,101357.746304
osmo103verdnv4pzztty50ua7gs5gj25l2gwu3jq0h2,10.978476,92729.465435
osmo19xa058q8h79x2ws22hjtawuer0kjzj88hhk23u,10.53822,89010.852438
osmo174y230y2dm36t0ta5me32yhyy3npnslxmzmwpr,10.208454,86225.490891
osmo1yhyczhqtngnprr6f0wh3tw778060jfxvmrnqd4,10.128731,85552.112257
osmo15a434j55nj6mejw4syflw8q20nyz9epauggcv5,10,84464.788587
osmo1kz22980et2kqkhek3gxywgqdpmgz5xvyqxv8rs,10,84464.788587
osmo19k3l0z5txzv2w3kr28lhs49dfd65sv6324dlll,10,84464.788587
osmo1wsc62azzkuxl42au9et5x8j27mcfxm8vd0tsnm,10,84464.788587
osmo1zmvwqfasrcrtg2ud8mp5lg40pte04w3qzc27vw,9.462036,79920.887034
osmo154qggy89597vszvypep78ws0t6n284wegyh4sw,9.350174,78976.047016
osmo1cfut96cqywn2z92uegp3yq6at94f6ay4ppvmhh,9,76018.309728
osmo1gtzazqzhg3sczpwtft23x4r46d4zlxnfkg23rt,8.90664,75229.746462
osmo1p0xc8vz6m72velt8xera2quz3xs9ee6c3hullp,8.877335,74982.222399
osmo15sz727cdzsgepw2aqc5slq0qj43ladjuf49282,8,67571.830869
osmo1z9z23s5658sz3939x2wu7gztqp32u63gm7q3nw,7.4,62503.943554
osmo14cerj3vkfl7leynpl0784mxdt2707r0wa4upd8,7,59125.352011
osmo142cl70a6rsp56x7myfz67g7m0f5x84w5kwxkgn,7,59125.352011
osmo19xma25ppv8ugwtvzpx5n5mde67ngazy4l2qsda,7,59125.352011
osmo1gxr53f9jx5cxn3dmkzr2eq93g05yey30lmlwel,7,59125.352011
osmo12ysnawwxejaqu9rz7a4vpp7pmghqvmcy2zhx4u,7,59125.352011
osmo1nyw4lyw0qk6yccs9z58mhw8mu5tuxtu3tat0dc,7,59125.352011
osmo19e3lcuv452a99pthwapm56uqgj4jwc87gemunr,6.48,54733.183004
osmo1neqprx4sd0xrs4snn2q9ccchg6ksva3pntz45u,6.434456,54348.496571
osmo1ux8zlvpsvmvnnrqxm0an2kff2rr7950chv93qp,6.21952,52533.044191
osmo1czw8kd733420g0wpgt7kptprd2ql9dwzy8hrvx,6,50678.873152
osmo1rwytctrqqaq08mdd4c7v57sqah44guxvnp0drc,6,50678.873152
osmo1smqr5tp684g07aekcn0w852wqlme5mn6xnhsvy,5.874365,49617.699781
osmo1f7m8wflhlsum22jlkvp75tg20k049dvcac5py5,5.55,46877.957666
osmo1asj5ltf9xdzsc9fr7ehykhcmsaz0xzeqlws59l,5.52,46624.563300
osmo1yfgvyv3jxact4l6vkdfs0kdtsfvkd0chmyfeku,5.398439,45597.800883
osmo159jhu8k27jt6gqha2kgpydu5ppe7h3cn86wktr,5.05922,42732.594771
osmo1ch20ap73dqudanw0ufhpn2jpvl6zayqe4r0jy6,5,42232.394293
osmo194jxs9jvar80wtavkan5eppwve2jh4vmnch6u2,5,42232.394293
osmo1zwtv7pplzh7m3t4m2zel8c0q78qsyptvessc85,5,42232.394293
osmo1x6a46r4lkhg025hhvyfedqgf4288ygn4ldnltu,4.979726,42061.150381
osmo127hgjjrst9mngejd4l4wprnnppwl6e22juz3aj,4.93,41641.140773
osmo1z4lqen77tmpnw37uq8xx3c2mp80nrr2uacqeng,4.65482,39316.838721
osmo1nsempd9ljljetpecuyc8m6agh0up8e43w9t9wu,4.64,39191.661904
osmo1wkclqpz9ruuyq9esdw8l20k60d2qg3hjsqahmt,4.536369,38316.344854
osmo10vhzusepnuyljct4xsg77wfat0urhefakwfu4l,4.5,38009.154864
osmo1hsqvty7tf7ry0n64p08aycn8cmx5ghsegzhk7x,3.903486,32970.711974
osmo1reeycz4d4pu4fddzqafzsyh6vvjp3nflwny5wy,3.926608,30947.285558
osmo1760d9jkledghjckd65gemglkv8cpq732ekf73t,3.5,29562.676005
osmo1emqzfcz5hezpg3z6ueqkptadpyx5qfujqpn4g9,3.5,29562.676005
osmo1fzgrznluvwcze0ahg6a4hj8un855d5lx67sky8,3.5,29562.676005
osmo1z3p5gkh62r0nhfu69w2l9064chkw52yep3nurq,3.4,28718.028120
osmo193ha3qhg0upx89vqzhknd3ra075r37xvkln5qe,3.3,27873.380234
osmo1045czr9qxsq66eknz88ratcynkvxxgsggp2rwz,3.3,27873.380234
osmo12ugtc842ghfrvfax7c2umw5al5m5g3fdr88wfm,3.2,27028.732348
osmo1m0thfsvruzcpr37vefrv8lql5t87dl5n0qdmga,3.07,25930.690096
osmo1qk4quvwtxyg5mnn7kp8dktxpm76cxyh2mpsglm,3,25339.436576
osmo1akhswynqs07zj5p2k25r6s4ur45qyjnre5amzh,3,25339.436576
osmo1nf3f77wnp425q8j2xq48u8at8ltv62k6l26ds9,3,25339.436576
osmo1pluvppw3973qkk5rt8w0mmdsqx03hy6xl84etm,3,25339.436576
osmo1krhqzttr824dm3zus8fvy79sefxe78k90mptht,2.949441,24912.391051
osmo1tkgyd0c0pjdxcu6f7z4h8g65whvdcsqhrs29p3,2.5,21116.197147
osmo1qyfhmkmphr9vsfjgrgvch65vklec3k5yyt69ru,2.5,21116.197147
osmo10z6mwcv78kmnj4lm74ce3zydrqwuh5qhhlyl6s,2.5,20529.071959
osmo1ug54mpujhgp588fyyywes74gm8p4wjgsrrarph,2.3,19426.901375
osmo1vqurd5tsn293d3j55dxynknrd73cc7p2py0l03,2.222,18768.076024
osmo1xdea5jw76hhqmpy9gkllk534gn46aq6hefh6ze,2.08,17568.676026
osmo1v9w49rtdpkwxeje8xnx9pnf9z9hyr2e0yy8wvz,2,16892.957717
osmo16ah99tpsgg4dlnl9glwzlmd5cfsl50evyh5jf7,2,16892.957717
osmo1qm9gkn8xrs87z57z4reevevjy4qztkdtnv2y0j,2,16892.957717
osmo17qf82c3xhuf2gxwam7fp48x657fcyt9al9gf5e,2,16892.957717
osmo1kectm60a0cmrh3cl5ld33vt59pu37nkjgkycn0,2,16892.957717
osmo1zxg7695uplngjylndt46xms77v9lyxx80nkl6d,2,16892.957717
osmo1g0g695dumsga8d2puuwjq7vu734gqlunrnzhcm,2,16892.957717
osmo19umgavrn0fj2e4yts3t6s9rp3jzlsptlpwmyqz,2,16892.957717
osmo16qh8dsxmrksycfnx9e987akjzkz2ql0wj2s9fn,1.979195,16717.228725
osmo1drqgprr4r3mtcncpxjn6a0kr84ag8c3k7rg4js,1.950449,16474.426243
osmo1lfp7rzgq0cc27v5f9d8wsxz6658vefqqged3qj,1.85,15625.985889
osmo1e5jmcepmgr6wsmp4n3tlhmdcny2pw49cvvqydf,1.799031,15195.477308
osmo1hysm2qek2l3s6usngrs7vzzcwfe4z6ydy6tmrq,1.587058,13405.051845
osmo1gu6dyquykt6hwx90hxctnq7v28vf3eap2l6su2,1.57,13260.971808
osmo17593qqceld6d9c9tdvfvdawkvkdpv2jqzmwqe7,1.540261,13009.781973
osmo1k5g4gt2n5vqx9a3u328dxq7ermmdkqgrx0amfe,1.46,12331.859134
osmo1a0unrcj9cw4893z66j22rkx9zltxvjs3s5evax,1.447418,12225.585537
osmo1q50zgnxkzl94txqj0fygdtqgmmr5fdtnh6ept9,1.433381,12107.022313
osmo12leszyaherxx9ayyf0xucl86jtkwd9pq6mfe4q,1.406615,11880.943860
osmo15jj749mfq0kk4mdkyufcgyd05p6wk8f78nvpyq,1.2,10135.774630
osmo102439ncpv4n9cd9nk0cfpvust4lrxfyzr2vz7t,1.123862,9492.676623
osmo18h8zhs00tlwm0v76qmutfxdxr4lcny4qezdnc3,1.100079,9291.794016
osmo123qws0a0kv5eh027udjjr54flk7q9vf6saqx9j,1.05,8868.802802
osmo1agv5xsuu73aj5k4ayz9mftnv3kdy07kfr52ve6,1.04952,8864.748492
osmo18uhgl3zrxw2zcwytajekn4nrvuncwls9k4amp0,1,8446.478859
osmo156rx7ufuq73dzqyp929gqlfsjzm4kpna8n045c,1,8446.478859
osmo1zl6avgsqrxdqctwzuq7vzhfwx8yguzdw562479,1,8446.478859
osmo1l5x5tzg9v723nurtvkppst9e0q3lmkncraskqq,1,8446.478859
osmo1r9umzg5v8nvczue3l3l65j333p64xkh00897q9,1,8446.478859
osmo1cml0ucekdswn20e8f04hxah7jyl66fdf3wwmh2,1,8446.478859
osmo1uvmfez9yx4r9gyy2200l0kpftf47m6x0vyft37,1,8446.478859
osmo175t785lnkxq59gsynkmgn9qn8t0d0mf4cx0gle,1,8446.478859
osmo1h4vhm47q8eald78yg58crjmx53exnzl34z58fg,1,8446.478859
osmo1zq75z3pv4msjdu0lqqgwmpk9wpyjml3y2mrz6t,1,8446.478859
osmo1hq6szdtmvvgqeyugnywg8834x3aswgdzrxvksz,1,8446.478859
osmo1gyzr28e5yc8mqg9seguv8ej9zzdfpf4arjxrws,1,8446.478859
osmo15y2jy3uatqlavdmjkfr779dydgjqk43adwj7sd,1,8446.478859
osmo19cnmuuwue83yxs4z46ph4ldt309fnru90rt977,1,8446.478859
osmo1ugmyqw3ac3te7969r2ppt0my545k68jz8z89u9,1,8446.478859
osmo1dzkzlff6u5rqx82hexpywt32he6uxrlaa47z9x,1,8446.478859
osmo1y7dt5c63yjwl3er8eyyxl7fk9k39r4mh3t7tlj,1,8446.478859
osmo1zd36wdkzaf3dzq7rf3t3gyzkyzrea0lndmmzx2,1,8446.478859
osmo1dsyj0u9qqm3su7nmpsy0xlnsc77yzp8ncg44nj,1,8369.345117
osmo168dzv6rzz7pmt8fg793exmmgm9nl2dhmdqprc2,0.932547,7876.738520
osmo1dtvmgl3jsn3kwpl3a98ahsjp5d5kzxek2kaalj,0.908577,7674.276422
osmo1vwqnwkq3te9e0cdrck50sgafx7z3ayrlsw34ku,0.856443,7233.927693
osmo1l658lngke5dndaycm8mh70jm7p9mfhhn0upg6k,0.8,6757.183087
osmo1rk77yq5qdkks2wlvc4kypmxjz3q59azd5gtmmd,0.56684,4787.802076
osmo1w754akfaeppu57j2rka76e49grctfpnyh6pd8h,0.590495,4665.556609
osmo1uvmm26ngcj05dcurr09d2c57k69kprf2lqkc8g,0.524859,4433.210447
osmo1xp9vpjdzx08uh7llkl46upc3cefmn4kp4f7xr5,0.516996,4337.681989
osmo1rgf4dznny6fx60yjwmq27xxs42vl34yl54cce0,0.5,4223.239429
osmo1svaj6q52n77rdkl8x2vdudwj846c7ntvwpdrak,0.5,4223.239429
osmo1gz0lm6cgx6g6fkwtqmjal68q3eggyspfkx6u6w,0.5,4223.239429
osmo1qaqzsyua59mx8vw6xzrnw6wftdp57reves6kf0,0.5,4223.239429
osmo1ql3h9920tn56mdz7sgkh7ltcagespefeezq5p2,0.5,4223.239429
osmo13g9cf2dsjqf3342pwf46rc7v6vmteehd9l6wdd,0.499897,4222.369442
osmo1acmc8f7g9eqs6lvhy3m9889d9djze4cz03pw03,0.487263,4115.656628
osmo1tckq0knzmusd8wevn7g3985m6md44q47ktjk6h,0.441017,3725.040767
osmo1nx3chh7ju3l28w8nsu2wpf3hhqfkg7lkqnhzn9,0.4,3356.885768
osmo1shwck77lgnle66sg9satc0r0vwu5avs69pugyk,0.394261,3330.117201
osmo123j9ewy8zjaanke6gr7q6c6rd4sqgmwxhu2xdf,0.318219,2687.830056
osmo15etx7m6a336fy7ss4cqzkep9xgujxdf606lch4,0.3,2533.943658
osmo15e8cremjk8wskmx56jpmxxdnpaq39j5c948z2u,0.262156,2214.295112
osmo1kxauuat4yn7fuxpunf9q0emxd5rkfjy2waaweq,0.203196,1716.290718
osmo1q2y2nkla825lh5y4u0agwy9qyyej2xpp2uu5qt,0.2,1689.295772
osmo1043plgfsa7urfpjy98g789zyl0l2zpw2v6hykd,0.2,1689.295772
osmo1r0hv5km20psawqzvu50975we7t3qacgk4yx35e,0.2,1689.295772
osmo1uh7qk3mxa0hd4f3rr55rq6jty8szf3herqrr5k,0.2,1689.295772
osmo106v0dgp92mwgerjph7aw84wwkutzuq4znz4d69,0.2,1689.295772
osmo18g7jfkn3ftmy79f7fy4qmxrg56t9m0v3hmdmua,0.160285,1353.843864
osmo1l384ye9hg6grjsdzcl3vkvvzgruwkm6k87y8nu,0.16,1351.436617
osmo1c3u4gpps9sw3w5np2sj6s50gds7cpm2hsfa7tq,0.156816,1324.543029
osmo1srddyxjlrcptylkcfefv774jhhafsvu4ulnrx0,0.15,1266.971829
osmo1gg2w04hgsa87zpl4h0zcjcmx8pdm9qgjf2jvl6,0.148,1250.078871
osmo1lrj7qrky05tmxp467wudru7jpnxexrn8cpnp0z,0.12,1013.577463
osmo1rlyt58v0z5309zar2jnana7f0xlenlp4uqnu0f,0.105609,892.024186
osmo1j0lke2jmuwxqh0zgs2kkk95stghl5l0rz083q0,0.101099,853.930566
osmo1wsmypayxznxng5zw7rzrj8nxs444sts6g9682h,0.1,844.647886
osmo1g5tn2xq4m0ch0c7nxdr4usf08aqfnu2urxd2f3,0.1,844.647886
osmo1g4r8tvxtd3xzv5kjq7yez6e2ej7phldy5pjw2t,0.1,844.647886
osmo1qmrazm0hgfk3u5x48achnjxq976y3my0q9j4h0,0.1,844.647886
osmo1mr4qww3rygcyqdme6yunhu8qrj2glufg970q0e,0.1,844.647886
osmo1ddpearj8yfzvvw5qrskk2xwjkus4rtrw0k6w3j,0.1,844.647886
osmo1c5cclz6w4m5vpx6ugla6sq70c0dnc2wmlzx8ns,0.095319,804.725492
osmo1nw97tyt5eslcsexev2wk5x9fqnth92tvzphr9j,0.055,464.556337
osmo13mjcp55pxaxjqf7mthxkcmztzs5nlycdvhya62,0.05,422.323943
osmo1g4wnklax7hldwxly32xh7q0kz3jhe38gt4rqh7,0.05,422.323943
osmo1g6psvrjfns0n9k6m3v3hs6sl05eurjlna038nj,0.040007,337.918280
osmo1x3dcas6ld2c803sexm0nfppn25r4uc3gt0zw0v,0.04,337.859154
osmo19t0djs44lqj0uh3exye5lv307h20h4cl3rcl4d,0.04,337.859154
osmo1q6n2w6t6ek028tvraju2sluyxa47cku8e4vtud,0.04,337.859154
osmo1wgde3ftzzs9rh3j0kcvj6c85a20emmkc7jncem,0.04,337.859154
osmo168tu04pw8xykczlw08s7frrhxuguqa78hlydtl,0.04,337.859154
osmo1jspjrn65s4v4utgax6lq4rnekx3phz26v98aqe,0.04,337.859154
osmo1p59lf9z0qzkj9v3s7w22tfsedslaxvqz5sw5hx,0.04,337.859154
osmo15ldpl5tjqentk8yjfxvrj3mql5st937vrzvsnv,0.04,337.859154
osmo1wnswzxa0gjt7zetvuk7xdfcuqlhat2czasfjqt,0.04,337.859154
osmo1vnfheejf0dt9jlg28f3rrk35qacuug36lkmr5s,0.04,337.859154
osmo1dtgnj47klvpawmnv6nf8tapauhgjrlekrqlth2,0.04,337.859154
osmo14gm6da907hzv90fexkk04ax7f0n6y3jw29na5c,0.04,337.859154
osmo1a65xkj72v8ka8a3ycx0pkcgec9rve8d0xjsys0,0.04,337.859154
osmo1hnsy9s0tt9zhjl0ek0sy4jvfh0feqqy5ykdmu2,0.04,337.859154
osmo1qnryfwn6hw02xuqhatw7d4tahxpwmns5j8efzl,0.04,337.859154
osmo17shcxekhcg6es85dul2edkl0u628g50aht4zfc,0.04,337.859154
osmo1yhu8hqhpl4w7nk8v5kyldqdhqkmlyuxvfup0vu,0.04,337.859154
osmo1pquq3gngtc4v0f3vhx85wxhd4tr84nexxx8h6l,0.04,337.859154
osmo16mcazwgs7xllzepc9kucualxcp8gg4mky0eqfs,0.04,337.859154
osmo1tqyz2ny0jyugw224gx99wc7panh4u9j3dmgtdp,0.04,337.859154
osmo1q5ylux9egnn4guvqlqzgl6s5e8y5cekd9r85dn,0.04,337.859154
osmo15ct65kc3puqz77ujdzexsgz264sulujc333fhw,0.04,337.859154
osmo1vncu6n7g0qm6k9a364la2mesmfjexamh4gm8cv,0.04,337.859154
osmo1t0gcjt3f2q7etxzj5ku8ynf5pcdzw9tc3wdu50,0.04,337.859154
osmo1zs9dl6yv3dalwl88sx6t3p3mprrhq8cdl5y3lm,0.04,337.859154
osmo1guujdx9samvwwekz7dcrq77e4ggpjkdvmpa5cc,0.04,337.859154
osmo144xas2mvvwxqk8rpldvjyalwta5hp7h3j5c69s,0.04,337.859154
osmo17mfuv9m0twhw0j7yxc3fnms399wae49kx4a20e,0.04,337.859154
osmo1fcxac3wxcfxfmp0z577g5awrnyq6xl952egq3m,0.04,337.859154
osmo1vjvnf2j2evcxh7h0fj7eevk3qfxay2q4l4mnlm,0.04,337.859154
osmo1ppuj9x33e6c4ee5axkdfdjavkpg2y6ms58v6nj,0.04,337.859154
osmo1cck4qq2us8evnf5wcstf4a8pwf5a96804vp84m,0.04,337.859154
osmo1rka7s5vs8uwagde3l95g0jfehkculh08uf22he,0.04,337.859154
osmo1ush77as278ed6nfu86tjw9fe5gl2a6lrt4h2uf,0.04,337.859154
osmo1faa270um7c4qn9d52v66cul4cjzg982pfe2kfl,0.04,337.859154
osmo1cgstmuhrwfj7durdzhmh5n65d3xav0erynxlm0,0.04,337.859154
osmo1phpdgyw0hupdu5fs66xxtwcf8yhrqjnrr5p8ys,0.04,337.859154
osmo1cclnz0xywcfgn7t6uhl46cxp683spvg2nz9lkz,0.04,337.859154
osmo1kx5a4ayn7utuy47n7xkmzdufx4v3rsqrsdh572,0.04,337.859154
osmo1tjp774e79uq7mnfjwuzc4astv2zqc3xx826xsj,0.04,337.859154
osmo13zfhtvhdlyyhgjnaggpmd427qmvj0mp9f5m8f5,0.04,337.859154
osmo1p6jhhlg7dtyapqy6apzjwsa2a55mq4j2p6v82p,0.04,337.859154
osmo1ry7pysmssuhat9lwujcuvq5x33pcfzylrt240v,0.04,337.859154
osmo1m9vyvr7kx4a4acjc88hthd7aah7mkjtypaqzam,0.04,337.859154
osmo1yhmqs9l6qrqz2638hnxvxglyjjv65cmzqwy4c3,0.04,337.859154
osmo1e8pnd9q7hdg390xp8xkq7gg82x3vvvh42kz0ye,0.04,337.859154
osmo16c6c0wy56ajy44krsv4l9pss9lwlr62v0h4cfn,0.04,337.859154
osmo176khpv8dnjsdr3svewdfcd660x6kzhmjt60kll,0.04,337.859154
osmo1alnh4p2ujzrcx7fcczm7v76pzv9kyzzm6jmz4n,0.04,337.859154
osmo1pr2le0sz9gsuaatms36dt9lv3ttumwlk4ghq9k,0.04,337.859154
osmo105dn07fhtjkp4s9ewzzywxcj7mhqdqcllpmatw,0.04,337.859154
osmo1nm4c044qjhcm65w2aluyvxygafpr5570up86cr,0.04,337.859154
osmo16dmhssd3ud0l50u3z6d4s59u2a3kkhyffaxamr,0.04,337.859154
osmo1kc7nyvy090dn4x843snl7f9t9pny60g2xs0dhd,0.04,337.859154
osmo1tyxhgmztx8m9jpp2qsvdz03cvgfqtu78mhrd2z,0.04,337.859154
osmo1a2khv425zeea52h2pdpwzvqtqer4c323sagy2u,0.04,337.859154
osmo1tmc04s7zrlrul96d7glmv65x8p837fmyjl2axu,0.04,337.859154
osmo10edakz42240kk556dyl9v6q2n5ev27r4mjrrgq,0.04,337.859154
osmo1vgnpqwsz4a4nzgp28qx5mx0g2jdq75tmf38yew,0.04,337.859154
osmo1fzpej8tyu5g02kpx3usqc4s7q29t42nvt6kefm,0.04,337.859154
osmo12zzxfkxz4mmgsah8rxehw666kt2gfj7fnre2us,0.04,337.859154
osmo1hfsk6lsa90skglnl0rahwd40vecdr3aunsv7mh,0.04,337.859154
osmo1ch0de08kpemkm9d4xmfapampq9kfffua984033,0.04,337.859154
osmo14s6q6uvmjcskt3mm5dz5jkyc6pz9y5jadr4d55,0.04,337.859154
osmo1vwvles6d7z2e6kmlulktmypqp8jjn7sg5seaw3,0.04,337.859154
osmo1t8clt3lf5n9awdv8m3g4fv7nnczqp6hsakand6,0.04,337.859154
osmo1c0d7vdxapwdk8w5uz7qdw7x7eu4mmdwy07yqc7,0.04,337.859154
osmo1s4mt2a2qxgzlgedcx4sm2nrcazt20td0h3jrg7,0.04,337.859154
osmo1mcht7s0rksfhma9hd3xegw7xgju92e98vr3e4m,0.04,337.859154
osmo13vflc0nm2d06zv7ljyelhmev5t5vn54cjcaw02,0.04,337.859154
osmo1gy59ekywem4qq5a24lmkqytqk724yn925fkzwy,0.04,337.859154
osmo1rclcwvu6fhzgxvde92vr5jpf4gdgtmd9aay46k,0.04,337.859154
osmo1gemekeu337rg38l964drz8ncllg363p9qtege7,0.04,337.859154
osmo14qpyf70vm30tf0gwweennej8lsmell2w3y9tj6,0.04,337.859154
osmo1gtpvmlk704wu43h9v8gh87e2wgnjyc2f2gwcl5,0.04,337.859154
osmo1pehs6wzz67ss4etk25vhxg2yfvkx2jsjz657mq,0.04,337.859154
osmo17u9m4p9ch692mhccv3llq4mg5fhq7llvztsdlp,0.04,337.859154
osmo1e8nulayrxw3m7pasnx809sjmsc9xxlkp2qujdn,0.04,337.859154
osmo1fnnpt069wks84d2afhvj8l6xk2jemzzarmz8kk,0.04,337.859154
osmo1hcpveu2v0y5ennuvmljvrj9umfurzgy730xwty,0.04,337.859154
osmo14p72hcd0rmmd4judjfvkzn8ee0aznevvadecje,0.04,337.859154
osmo1js32wa60rtldty4d4vwusuc98weclsy46t32hy,0.04,337.859154
osmo13npfp6l5wuqst5n29gljzwsztck2u2yp2gx4e7,0.04,337.859154
osmo1a09v7vpca9u2uduhvv4u00msmnzsh8qe3ccdkw,0.04,337.859154
osmo1408luectm6tlh2dme4tamwr023pu93c7cmppq5,0.04,337.859154
osmo1q8tsp0jc2pjksdpp96q5t2la2a4djev2u5jkre,0.04,337.859154
osmo1fmmm23qktlv3dee8zvawlus3skh6yp7j83n5xu,0.04,337.859154
osmo1czyr5t30q398n5dgn07d23lvmefhg3trk42wyx,0.04,337.859154
osmo13lh5t8659dxcth62l9wf82kzpnx2p083xenuun,0.04,337.859154
osmo17kz6z048p63asyve7wgzt4auqv7l5vykdnd47q,0.04,337.859154
osmo1yjmeqn8ejucxnh8rk9308smjj9e3sqrca07ums,0.04,337.859154
osmo1el8wyx0ka46nu00k69m46p86gagxrtkgxchgm0,0.04,337.859154
osmo1dptnjjd0tzcrp2q0gx30lf9jzq6j8r2eudte4f,0.04,337.859154
osmo19eslc5x5pawk6nts97zsa8mptal4t5sk8yjr2t,0.04,337.859154
osmo1urk4ycm649mpe87rgcj96jrzggfa0a770xvkkf,0.04,337.859154
osmo1vpvdtmtl3wa2czqj7clz484yjhdvwh3rcy37f3,0.04,337.859154
osmo1dfah5cqxxfj3y88elaqhu569lsv0w487yvepkt,0.04,337.859154
osmo1u8ksgt27td29yu0gmtr8aaltwx52x2y37zgaa5,0.04,337.859154
osmo1t0lwp8h3ardsn550fwgpq4mkq5u8nmlzmw9qde,0.04,337.859154
osmo1qpfhgrvyqdcqxjyvst4gqggwv8gykflhm4dl2q,0.04,337.859154
osmo10r39fueph9fq7a6lgswu4zdsg8t3gxlqyhl56p,0.01,84.464789
osmo1zmddu40sser52dpekstx79py9nsayfv8fedqjm,0.01,84.464789
osmo1pf42l5ddetwykgw9p6k4nv50gyemn9lngt6jcs,0.005871,49.589277
osmo1r6ddsqav6km8dwpgjk8lskaptupsxj73qc7crq,0.000218,1.841332
osmo1f6p5pdgmvu668auq9sv8uh226zwat03vzf89j9,0.000001,0.008446
osmo1a6h25e3eg9crmwnnudekjvx5nxus3qw0uh9y76,0.000001,0.008446
osmo1vrwnsphes742tttz6fc065t3mk2slf0a30g9sk,0.000001,0.008446
osmo1nvfqdrnemptjeywcdphwx4744l6cmrcyha0x75,0.000001,0.008446
osmo1jx5pynvl7pdgcfejcn68fp9rm6hyqtamtmcj5a,0.000001,0.008446
osmo1xts6fzfgh5n0csmazhc408xpecx4a0cd8g9eex,0.000001,0.008446
osmo1a0dyvs4cq7fj8v4nt78a5ts4xx5qqx86j5kh05,0.000001,0.008446
osmo1k8ydx9axp5h709xknwscg3r9g7fj8y8q8pgl8s,0.000001,0.008446
osmo1sg2q6drzy4c90qkxaa53wrhv9ulacmeg8gw9km,0.000001,0.008446
osmo17e33h7xcepdllqnyvsslsl48wm8vv790xv85n3,0.000001,0.008446
osmo1wyjcru3hs9x5leyu39rnwjwgl52w79c4ltqc72,0.000001,0.008446
osmo17738c8nm2c7gqkhc9vpalxg6gujhq3pgmtm6wd,0.000001,0.008446
osmo1nnfyukrcq9g7mfl5u98gwcj9a8mzwhnvmk59gn,0.000001,0.008446
osmo1rp0gkml4ceprsqdaz6kh8kftu3hfk82n65q47w,0.000001,0.008446
osmo1cy0kz4fmxv40uchjx8m7rvmj3cjlpw95lpk4ca,0.000001,0.008446
osmo12qpqds5wu4a5ktsjhq0r7ljz6cfxx7fnhxvpx7,0.000001,0.008446
osmo136y2cygcmvx53k9kc849mxjwexujla6lamnvyc,0.000001,0.008446
osmo1vr00wl6xgaflamsyrgnwaccdz8scjwt2ze02tg,0.000001,0.008446
osmo1fn0ey3k83ksjjtwa3hw9a7wpdr0dv9uxkr0j7m,0.000001,0.008446
osmo1lvmvgsdpqtlwmtw0zts78km4sj6ef0jg8hepnz,0.000001,0.008446
osmo1d7q0wekhu8pf5xpr2nwtjthzvqmtrzfvweftmm,0.000001,0.008446
osmo105uvxsgjjlar9shmyc42hyswm32x448cgzjfu7,0.000001,0.008446
osmo1n608j50uu2s35et8pdfhzxsmuuzsexdn2qjg7n,0.000001,0.008446
osmo1qskm9jwgkvrd9spqg20hgg9vwram8wfycpld6c,0.000001,0.008446
osmo15c824fdfc6ahf2x2x2qg63t34f5trc6e4hljgw,0.000001,0.008446
osmo1lumtkw7l8fau7jaaqupdad0qaku5d9xfx9ruu6,0.000001,0.008446
osmo10unc3wkjalz4qgpyxnvcqr02w7huh7hfmjyur6,0.000001,0.008446
osmo109n2hmvkal9s4x54lpwqk99w04a0fzzzqxeeg0,0.000001,0.008446
osmo144r5wvklgtal4r90c9p22d4jkk5un3kgy52wgc,0.000001,0.008446
osmo163l0klpvu46s4cacytrtz5mhz47a9fs0nz744w,0.000001,0.008446
osmo1y6jq4xq3msumxatxhvsqhazjd90spx7vdp8xdj,0.000001,0.008446
osmo1xyl089kl8xhhj2wecy2c6lj9e0tswrpaljte9u,0.000001,0.008446
osmo1rm79wkeh0gak6rkkwdy809fhh8ku8y9pdd49zu,0.000001,0.008446
osmo12ttcfjd3x3zxkuehe2x2rawz7zt6as76juqd7a,0.000001,0.008446
osmo1dlurlvlzc9g2h5dmlvx7c5sv2elhd2qk7q66kf,0.000001,0.008446
osmo1y7zwqfssh84dxz2aw7rcct73uy92rq93yk0nj8,0.000001,0.008446
osmo1h4utxsln0jy4y983j8m08sesq4qmpj9k8pqvsd,0.000001,0.008446
osmo1wknxzlnk5rp2u5yzdejw507cpxa4wahvuaddeg,0.000001,0.008446
osmo1ukugew37vd6r6cx2e9gav0cug4ccj9yvrmrqlw,0.000001,0.008446
osmo1z4st656d9uruxw2pygkrvwsuacks5j4enqv5wq,0.000001,0.008446
osmo1axuv00gydefjgezmewqy9892rju645k9a2chhw,0.000001,0.008446
osmo1zjmjqayjj09lqzqrrl2n5mmvfq4afgefl58f2k,0.000001,0.008446
osmo19an82zfx26aqtm9l89l575vaktrr9cpzqutenv,0.000001,0.008446
osmo1ndfr5g0dczkfddrudwre0zshne8j4eawmlyh6u,0.000001,0.008446
osmo1z0kzf542dl5zg974hgxlclya049qam7yr9c5y9,0.000001,0.008446
osmo1u8j6va0eck76smprncfr35mywn5r6r0emgucpq,0.000001,0.008446
osmo16yalchwhmmnahrdvde7g7e484yzdgz9w6g7fq6,0.000001,0.008446
osmo1xka4hlysphfrs6z5ztjfhtjauw67qvjsjmm6t4,0.000001,0.008446
osmo1n424xzxynnhsd3647y4yfx0ra5csq53rvgel9r,0.000001,0.008446
osmo1aucsr5f6xj53trgg47uezw5vnfdylpahakazjy,0.000001,0.008446
osmo16p8mldmrya472t2p4rt59lr424u3dsjnfd7gpc,0.000001,0.008446
osmo1h4ptghvzmnvrgpwvlpe0gwd9hd3k2mxxykcga3,0.000001,0.008446
osmo14zwe54m84zgljuz4re0gtkc8hsr8md5r6eks0k,0.000001,0.008446
osmo1mwrpuk32p93u97ealgjcuccfewzlyx9m469hth,0.000001,0.008446
osmo1mgn326c56evcmztsrnqc855qk0qlsawryzyhf8,0.000001,0.008446
osmo1c3g5qdu9a3s4mwfqr6aqfkrd0hmvm2xmrv0neg,0.000001,0.008446
osmo152cx9dgzyns5mlduk54p6jsc0lxgwsedy0vg24,0.000001,0.008446
osmo1q4vtwk2z8nv7qsqvu7h83m593wfx0zugyfu9pd,0.000001,0.008446
osmo1z8wnmyss842zjjxxr2c6tz3r697qfhrzucwt4k,0.000001,0.008446
osmo136cdqrcydlw5vk2wcevmmvtm3n9uwy65rx9hxw,0.000001,0.008446
osmo1kjw432r5j9xaem53d4zv6e5mhz76485gc8z2uj,0.000001,0.008446
osmo1ud7le6jmtjv8a5sweae7zluu7cpzx068m2c9mf,0.000001,0.008446
osmo1m6kw6mzp3k387eed8p56h2naxadgy9cmfdyv65,0.000001,0.008446
osmo1l08jswh9n0rt22acr7u4nj0fl06pyzxux6tkp7,0.000001,0.008446
osmo1epk3utn6pavakcp70am7d3g5drnsstvkjes24v,0.000001,0.008446
osmo17h838894508g6qnappjh7yxns0lp5nvtmfqqja,0.000001,0.008446
osmo1wdf3nl2e4m7awza7cyy6ugcfkjvy2ftjev7m4d,0.000001,0.008446
osmo14p9478muwft4m3k7qd87yl62df5kp5dckgflrm,0.000001,0.008446
osmo120l3zwgnmz860kf2axq93ae6a2m655rklyu6ar,0.000001,0.008446
osmo1ld72hya9ux6uck0c0aacv93pcasshmcs9szycc,0.000001,0.008446
osmo1f9mhzcl0evxgqaapku8czjxre0ejurl97lcud8,0.000001,0.008446
osmo120zmaut6h2yuzlplyhxkavcvh2xlc3p44jfz5f,0.000001,0.008446
osmo1t9x8vsy965xnesaha0fv8xlwcc960gcn2ye9jy,0.000001,0.008446
osmo14qxnas9rh43gg4grleaf677algnmhan4ue6rkf,0.000001,0.008446
osmo1a5gxq8y4e9g6ut907x9zy2taqya448n07l53jn,0.000001,0.008446
osmo1fe7vep2435w9u648536j9pp9x9fhjxdjwqcffj,0.000001,0.008446
osmo1vln0049wzj46pgc7xw54400589p3eg07mq9s86,0.000001,0.008446
osmo1mgptn97fzefmxf7cy5qemc6f9r02a2ygtzwgnp,0.000001,0.008446
osmo1zwt0uv3jgzn0648pt9uvap9hq32klsw2rjyh7e,0.000001,0.008446
osmo1pcpma6wwawurtfeuc7x8n0uwag6u9g742kv7sv,0.000001,0.008446
osmo1slswp702080qupeng80kun823p7dutuqn53vhr,0.000001,0.008446
osmo1xjpqtgvnfnreu85mzky0d0ypr7e0uvzajn8nf6,0.000001,0.008446
osmo1k2krp4tq7enetsr5g2y2zdxr4cuzlrxtqs47hd,0.000001,0.008446
osmo1k76nefkx87d6pl2m6j6d4suq70zkn824u2t8pf,0.000001,0.008446
osmo1rldr8702gj0uw0znnxnkgd3uct6q8v0wpknecx,0.000001,0.008446
osmo12cvqrn5sg5fv3e2awf0e89c5jvgg37cdllv6lz,0.000001,0.008446
osmo19k5a0fpgn8un8j0yn8at77psl7wm5xwf3a7syz,0.000001,0.008446
osmo1h64ma72rxs8vf8am7hxrg4g7vcxvulh0l2nm62,0.000001,0.008446
osmo14zwnjrnczrd2g5gm6dhkjsmvwluxn6m0st78wr,0.000001,0.008446
osmo10hd7lk3ywmetl4z77v8rr3gqcq3ua84pe5mjhk,0.000001,0.008446
osmo1t4schq76t95dmzy2evtllsje0fxgnp2558prem,0.000001,0.008446
osmo1w7rzzuscqcry4cpasu3nm0a766k2alvew6vqte,0.000001,0.008446
